Id,Barcode,Item Name,Category,Supplier ID,Cost Price,Unit Price,Tax 1 Name,Tax 1 Percent,Tax 2 Name,Tax 2 Percent,Reorder Level,Description,Allow Alt Description,Item has Serial Number,Image,HSN,location_stock,location_stock2
,852595001043,SP NUTRITION. CREATINA MONOHIDRATADA ,Vitaminas,,14,28,,,,,5,60 SERVICIOS,,,,,5,
,852595001029,SP GLUTAMINA MICRONIZADA ,Vitaminas,,14,28,,,,,5,60 SERVICIOS,,,,,2,
,852595003061,SP NUTRITION. AMINO 6.000,Vitaminas,,17.5,35,,,,,5,300 TABLETAS ,,,,,1,
,852595001012,SP NUTRITION COLAGGENO PEPTIDES,Vitaminas,,14,28,,,,,5,27 SERVICIOS ,,,,,2,
,852595003177,SP NUTITION CREATINA MONOHIDRATADA EN CAPSULAS ,Vitaminas,,11,22,,,,,5,120 CAPSULAS,,,,,2,
,195893305070,SP NUTRITION CELLU ZERO ,Vitaminas,,19,38,,,,,5,120 CAPSULAS,,,,,1,
,852595010007,SP NUTRITION HMB 1.000 ,Vitaminas,,11.5,23,,,,,5,120 CAPSULAS,,,,,1,
,852595099941,SP NUTRITION PHYTO WOMEN ,Vitaminas,,21,42,,,,,5,90 CAPSULAS,,,,,2,
,852595010021,SP NUTRITION MAG-6 ,Vitaminas,,16,32,,,,,5,90 CAPSULAS,,,,,2,
,852595010052,SP NUTRITION TESTODROL,Vitaminas,,20,40,,,,,5,120 CAPSULAS,,,,,4,
,852595110011,SP NUTRITION. IMMUNE PROTECTOR,Vitaminas,,17.5,35,,,,,5,100 TABLETAS,,,,,6,
,852595010076,SP NUTRITION. PROSTADROL,Vitaminas,,16,32,,,,,5,60 TABLETAS,,,,,2,
,852595009988,SP NUTRITION. LIPOZERO APETITE CONTROL ,Vitaminas,,17.5,35,,,,,5,45 CAPSULAS,,,,,1,
,852595003092,SP NUTRITION LIPOZERO UNLIMITED,Vitaminas,,11,22,,,,,5,30 CAPSULAS,,,,,1,
,087674012935,SWASON. GINKGO BILOBA EXTRACT,Vitaminas,,13,26,,,,,5,60 MG 240 CAPSULAS,,,,,2,
,087614018928,SWASON.GINKGO BILOBA EXTRACT,Vitaminas,,9,18,,,,,5,60 MG 120 CAPSULAS,,,,,1,
,087614116136,SWASON.TURMERIC Y BLACK PEPPER ,Vitaminas,,9,18,,,,,5,60 CAPSULAS ,,,,,1,
,087614210346,SWASON. COLAGENO MARINO PEPTIDOS,Vitaminas,,9,18,,,,,5,60 CAPSULAS ,,,,,3,
,087614019826,SWASON. ACIDO ALPHA LIPOICO,Vitaminas,,8,16,,,,,5,"100 MG, 120 CAPSULAS ",,,,,1,
,087614027203,SWASON. DIOSMINA CON HESPERIDINA,Vitaminas,,11,22,,,,,5,60 CAPSULAS ,,,,,3,
,087614014777,SWASON. CASCARA SAGRADA,Vitaminas,,8.5,17,,,,,5,450 MG 100 CAPSULAS,,,,,5,
,087614141619,SWASON. ALOE VERA ,Vitaminas,,6,12,,,,,5,25 MG 100 CAPSULAS,,,,,3,
,087614018263,SWASON. L GLUTAMINE,Vitaminas,,6,12,,,,,5,500 MG 100 CAPSULAS ,,,,,2,
,087614112435,SWASON. TRIPLE MAGNESIO  COMPLEX,Vitaminas,,3,6,,,,,5,400 MG 30 CAPSULAS,,,,,4,
,087614018089,SWASON. TRIPLE MAGNESIO  COMPLEX,Vitaminas,,6,12,,,,,5,400 MG 100 CAPSULAS,,,,,2,
,087614014241,SWASON. PALO DE ARCO,Vitaminas,,5,10,,,,,5,500 MG 100 CAPSULAS ,,,,,1,
,087614115443,SWASON. GABA ,Vitaminas,,3.5,7,,,,,5,250 MG 60 CAPSULAS NEUROTRANSMISOR DEL SISTEMA NERVIOSO,,,,,2,
,087614018720,SWASON. GABA ,Vitaminas,,9,18,,,,,5,500 MG 100 CAPSULAS ,,,,,3,
,087614026763,SWASON. GABA ,Vitaminas,,7.5,15,,,,,5,750 MG 60  CAPSULAS,,,,,4,
,087614117454,SWASON. KELP ALGAS MARINAS ,Vitaminas,,8.5,17,,,,,5,250 TABLETAS,,,,,3,
,087614040196,"SWASON. LECITINA, KELP , B6 Y VINAGRE DE MANZANA ",Vitaminas,,6,12,,,,,5,240 TABLETAS,,,,,1,
,087614019666,SWASON. MILK THISTLE (CARDO LECHOSO),Vitaminas,,8,16,,,,,5,500 MG 100 CAPSULAS ,,,,,1,
,087614017860,SWASON.  CRANBERRY (ARANDANO ROJO),Vitaminas,,11,22,,,,,5,180 CAPSULAS,,,,,4,
,087614140728,SWASON. YOHIMBE ,Vitaminas,,10,20,,,,,5,"120 CAPSULAS, 500  MG , AFRODISIACO , POTENTE SEXUAL PARA LA MUJER ",,,,,2,
,087614019406,SWASON. TURMERIC (CURCUMA),Vitaminas,,4.5,9,,,,,5,720 MG 100 CAP,,,,,1,
,087614060101,SWASON. SPIRULINA ,Vitaminas,,11,22,,,,,5,500 MG 180 TABLETAS,,,,,1,
,087674012669,SWASON. L-ARGININA Y L- ORNITHINA,Vitaminas,,6,12,,,,,5,100 CAPSULAS AMINOACIDOS  ,,,,,3,
,087614113531,SWASON. ST JHON WORT (HIERBA DE SAN JUAN),Vitaminas,,5,10,,,,,5,"375 MG , 120 CAPSULAS, ANTIDEPRESIVO, PARA LA ANSIEDAD  E INSOMNIO ",,,,,2,
,087614114095,SWASON. SOY LECITHIN (LECITINA DE SOYA),Vitaminas,,10,20,,,,,5,"1200 MG,  90 CAPSULAS BLANDAS ",,,,,2,
,087614170206,"SWASON. MULTI OMEGA 3,6,9. ",Vitaminas,,12.5,25,,,,,5,"800 MG DE CADA UNO ,120 CAPSULAS BLANDAS ",,,,,1,
,087614112534, SWASON. OMEGA 3 ,Vitaminas,,12.5,25,,,,,5,"1 GRAMO , 150 CAPSULAS BLANDAS , SABOR A LIMON",,,,,1,
,087614012063,SWASON. ZINC GLUCONATE,Vitaminas,,6.5,13,,,,,5,"50 MG 250 CAPSULAS , SUBIR EL SISTEMA INMUNE (RESFRIADO)",,,,,1,
,087614118284,SWASON. COLAGENO PEPTIDES + VIT C,Vitaminas,,15,30,,,,,5,1000 MG 250 TABLETAS,,,,,2,
,087614019109,Saw Palmetto Swanson 540Mg 250 Caps,Vitaminas,,10,20,,,,,5,0,,,,,1,
,087614018409,SWASON. ZINC Y C,Vitaminas,,9,18,,,,,5,200 CAPSULAS MASTICABLES,,,,,2,
,087614011363,SWASON. VIT E,Vitaminas,,4,8,,,,,5,200 IU 100 CAPSULAS BLANDAS,,,,,1,
,087614020679,SWASON. SELENIUM,Vitaminas,,5,10,,,,,5,200 MCG 90 CAPSULAS,,,,,3,
,087614015026, SWASON. MELATONINA,Vitaminas,,4,8,,,,,5,3 MG 120 CAPSULAS,,,,,3,
,087614142876,SWASON. ASHWAGHANDA,Vitaminas,,4.5,9,,,,,5,450 MG 60 CAPSULAS,,,,,2,
,087614019802,SWASON. YOHIMBE BARK,Vitaminas,,5.5,11,,,,,5,75 MG 100 CAPSULAS,,,,,3,
,087614113906,SWASON. MORINGA OLEIFERA,Vitaminas,,5,10,,,,,5,400 MG 60 CAPSULAS (ANTIOXIDANTE),,,,,4,
,087614112763,SWASON. ALFALFA SEED,Vitaminas,,5,10,,,,,5,400 MG 60 CAPSULAS ,,,,,1,
,087614140773,SWASON. ARTICHOKE EXTRACT,Vitaminas,,4,8,,,,,5,250 MG60 CAPSULAS ,,,,,2,
,087614115580,SWASON. L-CARNITINA,Vitaminas,,5,10,,,,,5,500 MG 30 TABLETAS,,,,,3,
,087614018836,"Hair, Skin and Nails Swanson",Vitaminas,,8,16,,,,,5,60 TABLETAS,,,,,3,
,087614017976,SWASON. MULTIVITAMINICO DE HOMBRE ,Vitaminas,,7.5,15,,,,,5,90 CAPSULAS,,,,,1,
,087614019772,SWASON. GREEN TEA (TE VERDE),Vitaminas,,6,12,,,,,5,500 MG  100 CAPSULAS,,,,,2,
,087614141398,SWASON. OLIVE LEAF EXTRACT (EXTRACTO DE HOJA DE OLIVA),Vitaminas,,8,16,,,,,5,750 MG 60  CAPSULAS,,,,,1,
,087614117614,SWASON. COLON HELPER,Vitaminas,,10.5,21,,,,,5,60 CAPSULAS ,,,,,3,
,087614113326,SWASON. GOTU KOLA (CENTELLA ASIATICA),Vitaminas,,3.5,7,,,,,5,435 MG 60 CAPSULAS,,,,,3,
,087614113357,SWASON. FENUGREEK SEED (FENOGRECO),Vitaminas,,5,10,,,,,5,610 MG 90 CAPSULASS,,,,,2,
,087614015064,SWASON. VALERIAN ROOT (VALERIANAS),Vitaminas,,5,10,,,,,5,475 MG 100 CAPSULAS,,,,,1,
,087614019567,SWASON. OREGANO,Vitaminas,,5,10,,,,,5,450 MG 90 CAPSULAS,,,,,1,
,087614040813,SWASON. VINAGRE DE MANZANA,Vitaminas,,1.5,3,,,,,5,200 MG 30 TABLETAS,,,,,2,
,087614112367,SWASON. 5-HTP,Vitaminas,,7.5,15,,,,,5,50 MG 60 CAPSULAS,,,,,3,
,087614025186,SWASON. 5-HTP,Vitaminas,,6,12,,,,,5,100 MG 60 CAPSULAS,,,,,4,
,087614029634,SWASON. 5-HTP,Vitaminas,,9,18,,,,,5,200 MG 60 CAPSULAS,,,,,4,
,087614022628,SWASON. DHEA,Vitaminas,,10,20,,,,,5,100 MG 60 CAPSULAS,,,,,1,
,087614021096,SWASON. RESVERATROL,Vitaminas,,4,8,,,,,5,5 MG 60 CAPSULAS,,,,,2,
,087614022826,Resveratrol Swanson 50Mg 30Caps,Vitaminas,,4,8,,,,,5,0,,,,,4,
,087614022833,SWASON. RESVERATROL,Vitaminas,,6,12,,,,,5,100 MG 30 CAPSULAS,,,,,2,
,087614112428,SWASON. GINKGO BILOBA EXTRACT,Vitaminas,,4,8,,,,,5,60 MG 30 CAPSULAS,,,,,4,
,087614116860,SWASON. BIOTIN,Vitaminas,,6,12,,,,,5,10.000 MCG 60 SOFTGELS,,,,,4,
,087614018775,SWASON. BIOTIN ,Vitaminas,,5,10,,,,,5,5.000 MCG 100 CAPSULAS,,,,,4,
,087614112213,SWASON. VIT B12 CYANOCOBALAMIN,Vitaminas,,7.5,15,,,,,5,1.000 MCG 59 ML,,,,,1,
,300054237200,Centrum Kids Masticables 80Tabs,Vitaminas,,12.5,25,,,,,5,0,,,,,1,
,311845061713,MASON NATURAL. MAGNESIUM GLUCONATE,Vitaminas,,5,10,,,,,5,550 MG 100 TABLETAS,,,,,1,
,015794026853,COUNTRY LIFE. CHELATED MAGNESIUM,Vitaminas,,10,20,,,,,5,250 MG 90 TABLETAS,,,,,1,
,x003amkus3,MAGNESIUM CITRATE,Vitaminas,,17.5,35,,,,,5,800 MG 180 CAPSULAS,,,,,1,
,865476000226,Citrato De Magnesio Swanson 400Mg 180 Caps,Vitaminas,,17.5,35,,,,,5,0,,,,,2,
,x0017pqk9n,DIVINE BOUNTY. MAGNESIUM CITRATE ,Vitaminas,,20,40,,,,,5,1300 MG 120 CAPSULAS,,,,,1,
,740985223093,21 ST CENTURY. VIT B-12,Vitaminas,,5,10,,,,,5,500 MCG 110 TABLETAS,,,,,3,
,740985228814,21 ST CENTURY. BIOTIN,Vitaminas,,4,8,,,,,5,800 MCG 110 TABLETAS,,,,,1,
,740985217818,Extracto De Castaña De India  21St Century 60Caps Veganas,Vitaminas,,7.5,15,,,,,5,0,,,,,1,
,7594002590551,PHARMAPLANT CIRQ-PLANT NACIONAL,Vitaminas,,4,8,,,,,5,60 CAPSULAS ,,,,,2,
,7595102000353,PHARMAPLANT. CENTELLA ASIATICA NACIONAL,Vitaminas,,3.5,7,,,,,5,300 MG 60 CAP,,,,,2,
,7595102000476,PHARMAPLANT. LEVADURA DE CERVEZA NACIONAL,Vitaminas,,4.5,9,,,,,5,30OMG 60 CAPSULAS,,,,,2,
,7594002590582,PHARMAPLANT. GINKGO BILOBA NACIONAL,Vitaminas,,3.5,7,,,,,5,300MG 60 CAPSULAS ,,,,,2,
,7595102000391,PHARMAPLANT. SEX FORCE NACIONAL,Vitaminas,,3.5,7,,,,,5,500 MG 60 CAPSULAS ,,,,,2,
,7594002590568,PHARMAPLANT. CASCARA SAGRADA NACIONAL,Vitaminas,,3.5,7,,,,,5,300MG 60 CAPSULAS ,,,,,2,
,7595102000445,PHARMAPLANT. NAME SALVAJE NACIONAL,Vitaminas,,3.5,7,,,,,5,300MG 60 CAPSULAS ,,,,,2,
,7595102000438,PHARMAPLANT. LINAZABILA NACIONAL,Vitaminas,,3.5,7,,,,,5,500MG 60 CAPSULAS,,,,,2,
,742709100253,PRO SALUD. QUIEBRA BARRIGA NACIONAL,Vitaminas,,7,14,,,,,5,500 MG 70 CAPSULAS ADELGAZANTE,,,,,2,
,07591108449281,FIGUREL ADELGAZANTE,Vitaminas,,5,10,,,,,5,400 MG 90 CAPSULAS,,,,,2,
,1726268350600,ADELGALAX ,Vitaminas,,5,10,,,,,5,90 CAPSULAS,,,,,11,
,1726268350600,ADELGALAX ,Vitaminas,,3.5,7,,,,,5,60 CAPSULAS ,,,,,3,
,817716015927,BEST NATURAL LEVADURA DE CERVEZA ,Vitaminas,,12.5,25,,,,,5,0,,,,,1,
,x003ig9eal,MELATONINA EN GOMITAS ,Vitaminas,,6.5,13,,,,,5,"5 MG, 100 GOMITAS",,,,,1,
,733739024206,Levadura De Cerveza Now 454G,Vitaminas,,12.5,25,,,,,5,0,,,,,1,
,096619982110,Vitamina E Kirkland 180Mg(400 Iu) 500Caps Blandas,Vitaminas,,14,28,,,,,5,0,,,,,3,
,096619663712,KIRLAND.MULTIVITAMINICO ADULTO ,Vitaminas,,12.5,25,,,,,5,160N GOMITAS,,,,,1,
,096619480555,KIRLAND.VITAMINA C GOMITAS ,Vitaminas,,7.5,15,,,,,5, 250MG 180 GOMITAS,,,,,1,
,096619393916,Vitamina D3 Extrafuerte Kirkland 50Mcg (2000 Iu) 600 Caps Blandas,Vitaminas,,8,16,,,,,5,0,,,,,2,
,096619777792,Super Complejo B Con Electrolitos Kirkland 500Tabs,Vitaminas,,12.5,25,,,,,5,0,,,,,1,
,096619883165,KIRLAND. GLUCOSAMINA CON CHONDROITRIN ,Vitaminas,,20,40,,,,,5,280 TABLETAS,,,,,1,
,020525970381,Glucosamina Hcl Kirkland 1500Mcg Con Msn 1500Mg 375Tabs,Vitaminas,,15,30,,,,,5,0,,,,,2,
,096619926626,Omega 3 Kirkland 1000Mg 400Caps Blandas,Vitaminas,,12.5,25,,,,,5,0,,,,,2,
,096619982684,KIRLAND. VITAMINA C ,Vitaminas,,12.5,25,,,,,5,1.000MG 500 TABLETAS ,,,,,3,
,030768535032,SUNDONW. MELATONINA EN GOMIITAS,Vitaminas,,7.5,15,,,,,5,5MG  60 GOMITAS ,,,,,1,
,681131111485,SPRING VALLEY. L CARNITINA ,Vitaminas,,5,10,,,,,5,500MG 30 TABLETAS,,,,,3,
,681131355186,SPRING VALLEY. GLUTAMINA ,Vitaminas,,7.5,15,,,,,5,500 MG 100 TABLETAS,,,,,2,
,078742436562,Vitamina Prenatal Spring Valley 100 Tabs,Vitaminas,,6.5,13,,,,,5,0,,,,,2,
,681131928885,SPRING VALLEY.POTASSIO,Vitaminas,,7.5,15,,,,,5,99MG 250 CAP,,,,,2,
,681131125321,Vinagre De Cidra De Manzana Spring Valley 450Mg 100 Caps,Vitaminas,,6.5,13,,,,,5,0,,,,,3,
,681131151146,SPRING VALLEY. COLAGENO + VIT C ,Vitaminas,,9,18,,,,,5,2500 MG 90 TABLETAS ,,,,,2,
,605388627773,SPRING VALLEY. ACIDO ALPHA LIPOICO ,Vitaminas,,10,20,,,,,5,200 MG 100 CAP ,,,,,1,
,681131355209,SPRING VALLEY. ST JHON WORT (HIERBA DE SAN JUAN),Vitaminas,,6,12,,,,,5,150 90 CAPSULAS ,,,,,3,
,681131071642,SPRING VALLEY.FOLATE (ACIDO FOLICO) ,Vitaminas,,6,12,,,,,5,800MCG 400 CAP,,,,,1,
,681131234504,BEST NATURAL LEVADURA DE CERVEZA ,Vitaminas,,30,60,,,,,5,200 MG 150 CAPSULAS BLANDAS,,,,,1,
,078742634388,SPRING VALLEY. CALCIUM,Vitaminas,,7.5,15,,,,,5,600 MG 250 TABLETAS,,,,,1,
,681131447874,SPRING VALLEY. SAW PALMETTO ,Vitaminas,,10,20,,,,,5,450 MG 200 CAP,,,,,4,
,681131086615,Super Vitamina Complejo B Spring Valley 250 Tabs,Vitaminas,,10,20,,,,,5,0,,,,,3,
,681131749138,Vitamina C Spring Valley 500Mg 200 Tabs Masticable Frutas Tropicales,Vitaminas,,9,18,,,,,5,0,,,,,2,
,305734758655,CENTRUM SILVER HOMBRE + 50 ,Vitaminas,,9,18,,,,,5,65 TABLETAS,,,,,2,
,681131111522,SPRING VALLEY. L ARGININA ,Vitaminas,,6,12,,,,,5,500MG 50 CAP,,,,,2,
,681131057110,Biotina Spring Valley 10.000 Mcg Mas Keratina 60 Tabs,Vitaminas,,6.5,13,,,,,5,0,,,,,3,
,681131111478,Biotina Spring Valley 5000Mcg 120 Caps Blandas,Vitaminas,,6,12,,,,,5,0,,,,,2,
,681131928823,SPRING VALLEY. BIOTIN ,Vitaminas,,4.5,9,,,,,5,1000mcg 150 CAPSULAS,,,,,2,
,605388325549,Selenio Spring Valley 200Mcg 100 Tabs,Vitaminas,,5,10,,,,,5,0,,,,,1,
,078742499116,Acido Folico Spring Valley 666Cmg Dfe  400Mcg 250 Tabs,Vitaminas,,4,8,,,,,5,0,,,,,2,
,074312590948,NATURE'S BOUNTY HAIR SKIN NAILS ,Vitaminas,,10,20,,,,,5,"2,500MCG BIOTIN 90 GOMITAS",,,,,1,
,074312007101,NATURE'S BOUNTY HAIR SKIN NAILS ,Vitaminas,,10,20,,,,,5,6000 MCG BIOTIN 80 GOMITAS,,,,,1,
,074312791796,NATURE'S BOUNTY HAIR SKIN NAILS ,Vitaminas,,10,20,,,,,5,100 MG COLAGENO Y BIOTIN 90 GOMITAS,,,,,1,
,074312581885,Multivitamínicos En Gomitas Para Mujeres Concolageno Natures Bounty 80 Gomitas,Vitaminas,,10,20,,,,,5,0,,,,,1,
,676194963799,ALFA L ARGININA,Vitaminas,,6.5,13,,,,,5,1000 MG 100 CAPSULAS,,,,,1,
,676194963867,ALFA GLUTAMINA,Vitaminas,,6,12,,,,,5,1000 MG 100 CAPSULAS,,,,,2,
,676194963829,ALFA CREATINA,Vitaminas,,10,20,,,,,5,1200 MG 100 CAPSULAS,,,,,2,
,676194961542,ALFA BIOTIN,Vitaminas,,6.5,13,,,,,5,5000 MCG 100 TABLETAS,,,,,2,
,676194962549,"ALFA OMEGA 3,6 ,9",Vitaminas,,6.5,13,,,,,5,1000 MG 100 CAPSULAS BLANDAS,,,,,1,
,676194784004,ALFA PROBIOTICO,Vitaminas,,6,12,,,,,5,600 MILLONES 60 CAP,,,,,1,
,676194174744,ALFA ACEITE ONAGRA,Vitaminas,,6,12,,,,,5,1000 MG 60 CAPSULAS BLANDAS,,,,,1,
,676194200030,ALFA MACA,Vitaminas,,6.5,13,,,,,5,1000 MG 60 CAPSULAS BLANDAS,,,,,1,
,676194174065,ALFA SAW PALMETO,Vitaminas,,6,12,,,,,5,60 CAPSULAS ,,,,,2,
,676194170081,ALFA VITAMINA C ,Vitaminas,,7,14,,,,,5,500 MG 100 TABLETAS,,,,,2,
,676194966318,ALFA COLAGENO CON VITAMINA C,Vitaminas,,6.5,13,,,,,5,100 CAPSULAS,,,,,6,
,676194500055,ALFA OMEGA 3,Vitaminas,,6.5,13,,,,,5,1000 MG 100 CAPSULAS BLANDAS,,,,,1,
,676194144662,ALFA LEVADURA DE CERVEZA,Vitaminas,,5,10,,,,,5,1000 MG 100 TABLETAS ,,,,,2,
,676194172047,ALFA DHEA,Vitaminas,,6.5,13,,,,,5,50 MG 60 CAPSULAS,,,,,2,
,741273001041,FLORES DE BACH KIDS,Vitaminas,,15,30,,,,,5,0,,,,,1,
,741273400844,FLORES DE BACH SLEP KIDS,Vitaminas,,15,30,,,,,5,0,,,,,1,
,7593533001116,Arnicavihom Globulos Vihom 30Gr,Vitaminas,,3.5,7,,,,,5,0,,,,,2,
,860005973712,SIERRA ACEITE DE OREGANO 80% DE CARVACROL,Vitaminas,,14,28,,,,,5,0,,,,,2,
,7593533002991,Diabet Vihom Solucion 30Ml,Vitaminas,,2.5,5,,,,,5,0,,,,,1,
,7593533003011,DIGEN VIHOM SOLUCION 30 ML,Vitaminas,,2.5,5,,,,,5,0,,,,,1,
,7593533003080,Estrex Vihom Solucion 30Ml,Vitaminas,,2.5,5,,,,,5,0,,,,,1,
,7593533002960,Credefor Vihom Solucion 30Ml,Vitaminas,,2.5,5,,,,,5,0,,,,,1,
,7593533003004,DIGEFLAT VIHOM SOLUCION 30 ML,Vitaminas,,2.5,5,,,,,5,0,,,,,1,
,7593533003226,EPIGAST VIHOM SOLUCION 30 ML,Vitaminas,,2.5,5,,,,,5,0,,,,,1,
,7592430002622,SEDAMIL ,Vitaminas,,2.5,5,,,,,5,0,,,,,3,
,7593533002427,Litio(Li) Oligovihom Solución 30Ml,Vitaminas,,2.5,5,,,,,5,0,,,,,1,
,7593533004063,Estreñimiento Pediatrico Vihom Solucion 30Ml,Vitaminas,,2.5,5,,,,,5,0,,,,,1,
,7593533003981,DIGHEM VIHOM SOLUCION 30 ML,Vitaminas,,2.5,5,,,,,5,0,,,,,1,
,7593533002434,Magnesio(Mg) Oligovihom Solución 30Ml,Vitaminas,,2.5,5,,,,,5,0,,,,,1,
,7593533003943,Alervihom Pediatrico Solucion 30Ml,Vitaminas,,2.5,5,,,,,5,0,,,,,1,
,7593533004018,Insovihom Pediatrico Solucion 30Ml,Vitaminas,,2.5,5,,,,,5,0,,,,,1,
,7593533002960,Credefor Vihom Solucion 30Ml,Vitaminas,,2.5,5,,,,,5,0,,,,,1,
,7593533003721,Triglicol Vihom Solucion 30Ml,Vitaminas,,2.5,5,,,,,5,0,,,,,1,
,7593533003271,INFLAMAT VIHOM SOLUCION 30 ML,Vitaminas,,2.5,5,,,,,5,0,,,,,1,
,7593533003394,MIGRAM VIHOM SOLUCION 30 ML,Vitaminas,,2.5,5,,,,,5,0,,,,,1,
,5901234123457,Melatonina Naturex 300mcg 40Tabs,Vitaminas,,2.5,5,,,,,5,0,,,,,1,
,7594001450092,ACEITE MINERAL ,Vitaminas,,1.5,3,,,,,5,30ML,,,,,2,
,7594001450054,ACEITE DE COCO ,Vitaminas,,2,4,,,,,5,30 ML,,,,,2,
,7594001450122,ACEITE DE PALO,Vitaminas,,2.5,5,,,,,5,30 ML,,,,,2,
,7594001450818,GOTAS DE VALERIANA,Vitaminas,,2,4,,,,,5,30 ML,,,,,2,
,7594001450153,ACEITE DE RICINO,Vitaminas,,2,4,,,,,5,30 ML,,,,,2,
,7594001450757,GOTAS DE ARNICA,Vitaminas,,1.5,3,,,,,5,30 ML,,,,,2,
,7594001450795,GOTAS DEL CARMEN,Vitaminas,,1.5,3,,,,,5,30 ML,,,,,2,
,742709100239,COLON CLEAN CAPSULAS,Vitaminas,,5,10,,,,,5,LIMPIEZA DE COLON ,,,,,2,
,7196655397196,CHANCA PIEDRA ,Vitaminas,,3.5,7,,,,,5,0,,,,,1,
,7592321039782,COLOSTRUM,Vitaminas,,4.5,9,,,,,5,ACTIVA EL SISTEMA INMUNE,,,,,1,
,7591774000882,QUINCHONCHO NACIONAL,Vitaminas,,4,8,,,,,5,PARA LA SINUSITIS 60 CAPSULAS ,,,,,2,
,7597816000193,ADELMAX NACIONAL,Vitaminas,,4,8,,,,,5,ADELGAZANTE 60 CAPSULAS,,,,,2,
,7597816000186,RECONTRUCOL NACIONAL ,Vitaminas,,4,8,,,,,5,RECOSTRUYE EL COLON 60 CAPSULAS,,,,,2,
,7597816000179,PROSTANATURAL NACIONAL,Vitaminas,,4,8,,,,,5,PARA LA PROSTATA 60  CAPSULAS ,,,,,2,
,7597816000094,FITOESTROGENOS NACIONAL,Vitaminas,,4.5,9,,,,,5,REGULADOR HORMONAL 60 CAPSULAS,,,,,2,
,7591774000523,HIGALIMP NACIONAL,Vitaminas,,4,8,,,,,5,PROTECTOR HEPATICO 60 CAPSULAS,,,,,2,
,0133636937390921,MAPURITE NACIONAL ,Vitaminas,,4,8,,,,,5,"ELIMINA QUISTES, MIOMAS Y FIBROMAS",,,,,2,
,7597816000445,PLACEREX NACIONAL ,Vitaminas,,3.5,7,,,,,5,PONTENCIADOR ,,,,,2,
,7591774000479,ARTIPLUS,Vitaminas,,4,8,,,,,5,REGENERADOR ARTICULAR ,,,,,2,
,7702345987734,XTRA NATURA. CARBON MAX,Vitaminas,,4,8,,,,,5,50 CAPSULAS,,,,,1,
,7702248971038,XTRA NATURA. MELATONINA ,Vitaminas,,5,10,,,,,5,10 MG 50 CAPSULAS,,,,,1,
,7702345987819,XTRA NATURA. GINKGO BILOBA + GINSENG,Vitaminas,,4,8,,,,,5,50 CAPSULAS,,,,,1,
,7702248971045,XTRA NATURA. VIT E COLAGENO Y BIOTINA,Vitaminas,,5,10,,,,,5,400 U.I. 50 SOFTGELS,,,,,1,
,7702345987758,XTRA NATURA. CURCUMA + UñA DE GATO ,Vitaminas,,4,8,,,,,5,50 CAPSULAS,,,,,1,
,7702345987772,XTRA NATURA. CASTAñA DE INDIA,Vitaminas,,4,8,,,,,5,1000 MG 50 CAPSULAS,,,,,1,
,7702345987703,XTRA NATURA. XTRA FLEX HARPAGOFITO,Vitaminas,,4,8,,,,,5,50 CAPSULAS,,,,,1,
,7702345987727,XTRA NATURA. RIñOSAN URINARY SUPPORT,Vitaminas,,4,8,,,,,5,1000 MG 50 CAPSULAS,,,,,1,
,7702345987789,XTRA NATURA. GASTRIN ARCILLA Y CALENDULA,Vitaminas,,4,8,,,,,5,50 CAPSULAS,,,,,1,
,7702345987802,XTRA NATURA. MORINGA YACON + NOPAL ,Vitaminas,,4,8,,,,,5,50 CAPSULAS,,,,,1,
,7702345987758,XTRA NATURA. DIABETISAN,Vitaminas,,4,8,,,,,5,50 CAPSULAS,,,,,1,
,7708345981628,XTRA NATURA. CHANCAPIEDRA PHYLLANTUS NIRURI + VIRA VIRA,Vitaminas,,4,8,,,,,5,50 CAPSULAS,,,,,1,
,7702345987765,XTRA NATURA. COLAGENO VIT E,Vitaminas,,4,8,,,,,5,50 CAPSULAS,,,,,1,
,7702345987741,XTRA NATURA. HIGAVILS LIVER CLEANSE (LIMPIADOR DE HIGADO),Vitaminas,,4,8,,,,,5,1000 MG 50 CAPSULAS,,,,,1,
,087614241982,SWANSON. VINAGRE DE MANZANA,Vitaminas,,9,18,,,,,5,63 SERVICIOS,,,,,2,
,025077519965,PURITANS PRIDE. VINAGRE DE MANZANA,Vitaminas,,6,12,,,,,5,32 SERVICIOS,,,,,2,
,016500557647,"CITRACAL (CALCIO, MAGNESIO Y ZINC + VIT D3",Vitaminas,,16.5,33,,,,,5,280 TABLETAS,,,,,1,
,732363270614,Equinacia Goldenseal Nova Nutritions 450Mg 250 Tabs,Vitaminas,,12.5,25,,,,,5,0,,,,,2,
,096619132072,TRUNATURE. GINKGO BILOBA,Vitaminas,,16,32,,,,,5,120 MG 340 SOFTGELS,,,,,1,
,021078017042,HGH SURGE,Vitaminas,,32.5,65,,,,,5,150 TABLETAS,,,,,2,
,300054451811,CENTRUM ADULTOS,Vitaminas,,14,28,,,,,5,365 CAPSULAS,,,,,2,
,681131071734,EQUATE MULTIVITAMINICO 50+,Vitaminas,,6.5,13,,,,,5,125 TABLETAS,,,,,3,
,681131119771,EQUATE MULTIVITAMINICO ADULTOS,Vitaminas,,6.5,13,,,,,5,130 TABLETAS,,,,,3,
,681131119733,Complemento Multivitamínico Women 50+ Equate 200 Tabs,Vitaminas,,13,26,,,,,5,0,,,,,1,
,850502007775,COLAGENO + BIOTIN,Vitaminas,,19,38,,,,,5,6000 MG 390 TABLETAS,,,,,2,
,,DORADA PLUS. COLAGENO HIDROLIZADO + RESVERATROL + BIOTINA + VIT E + CALCIO,Vitaminas,,8,16,,,,,5,600 G,,,,,2,
,7709772376551,"COLAGENO HIDROLIZADO + VIT A, E, C Y MINERALES",Vitaminas,,8,16,,,,,5,700 G,,,,,1,
,025077500956,Coenzima Q10 Puritans Pride 200Mg 240 Caps Blandas,Vitaminas,,40,80,,,,,5,0,,,,,3,
,025077512546,PURITANS PRIDE. TRIPLE OMEGA 369 FISH Y FLAX OILS,Vitaminas,,9,18,,,,,5,120 SOFTGELS,,,,,2,
,074312132339,PURITANS PRIDE. EVENING PRIMROSE OIL (ACEITE DE ONAGRA),Vitaminas,,12.5,25,,,,,5,1300 MG 120 SOFTGELS,,,,,2,
,074312136320,Aceite De Onagra Puritans Pride 500Mg 100 Caps Blandas,Vitaminas,,6,12,,,,,5,0,,,,,2,
,074312135330,PURITANS PRIDE. SAW PALMETTO,Vitaminas,,10,20,,,,,5,450 MG 200 CAP,,,,,2,
,074312120633,Zinc (Gluconato De Zinc) Puritans Pride 50Mg 250 Tabs,Vitaminas,,7.5,15,,,,,5,0,,,,,1,
,074312126505,PURITANS PRIDE. SOY LECITHIN,Vitaminas,,7.5,15,,,,,5,1325 MG 100 SOFTGELS,,,,,1,
,074312163807,PURITANS PRIDE. SOY LECITHIN,Vitaminas,,5,10,,,,,5,520 MG 100 SOFTGELS,,,,,3,
,074312100062,PURITANS PRIDE. SOY ISOFLAVONES,Vitaminas,,6,12,,,,,5,60 CAPSULAS ,,,,,4,
,074312139406,Complejo L-Arginina L-Ornithine L-Lysine 60caps,Vitaminas,,8,16,,,,,5,0,,,,,2,
,025077179657,Acido Alfa Lipoico Puritans Pride 600Mg 60 Caps,Vitaminas,,12.5,25,,,,,5,0,,,,,2,
,025077214822,PURITANS PRIDE. ACIDO ALFA LIPOICO,Vitaminas,,6,12,,,,,5,600 MG30 CAPSULAS,,,,,2,
,025077556489,Omega 3 Circulación Puritans Pride 1000Mg 60 Caps Blandas,Vitaminas,,5,10,,,,,5,0,,,,,1,
,025077176106,PURITANS PRIDE. GABA,Vitaminas,,7.5,15,,,,,5,750 MG 90 CAPSULAS,,,,,4,
,025077712588,PURITANS PRIDE. ACEITE DE OREGANO,Vitaminas,,8,16,,,,,5,150 MG 180 SOFTGELS,,,,,1,
,025077447725,Glucosamine Condroitina Puritans Pride 120 Mini Tabs,Vitaminas,,7.5,15,,,,,5,0,,,,,1,
,074312102387,PURITANS PRIDE. GLUCOSAMINA CHONDROITIN COMPLEX,Vitaminas,,6,12,,,,,5,60 CAPSULAS ,,,,,2,
,025077128808,L-Theanine Puritans Pride 200Mg 60 Caps Rapida Liberacion,Vitaminas,,7.5,15,,,,,5,0,,,,,1,
,074312135514,PURITANS PRIDE. CASCARA SAGRADA,Vitaminas,,4,8,,,,,5,450 MG 100 CAPSULAS,,,,,3,
,074312119118,"Hierro Plus Liver, Complejo B Vitamina C Puritans Pride ",Vitaminas,,5,10,,,,,5,0,,,,,2,
,074312158308,Magnesio Puritans Pride 250Mg 100 Caps,Vitaminas,,4,8,,,,,5,0,,,,,2,
,025077032860,Espirulina Puritans Pride 500Mg 100 Tabs,Vitaminas,,7.5,15,,,,,5,0,,,,,1,
,074312155857,Castaña De India Puritans Pride 300Mg 100 Caps,Vitaminas,,7.5,15,,,,,5,0,,,,,2,
,074312163906,PURITANS PRIDE. CROMO PICOLINATO,Vitaminas,,3,6,,,,,5,200 MCG 100 TABLETAS,,,,,1,
,074312125706,PURITANS PRIDE. CROMO PICOLINATO,Vitaminas,,4,8,,,,,5,500 MCG 100 TABLETAS,,,,,2,
,025077045457,Ginkgo Biloba Puritans Pride 120Mg 30 Caps Blandas,Vitaminas,,3.5,7,,,,,5,0,,,,,2,
,074312176548,PURITANS PRIDE. GINKGO BILOBA,Vitaminas,,6,12,,,,,5,60 MG 120 SOFTGELS,,,,,3,
,074312130601,PURITANS PRIDE. L-LYSINE,Vitaminas,,8,16,,,,,5,500 MG 100 TABLETAS,,,,,1,
,025077514632,Biotina Puritans Pride 10000Mcg 50 Caps Blandas,Vitaminas,,6,12,,,,,5,0,,,,,4,
,025077134304,PURITANS PRIDE. BIOTIN ,Vitaminas,,5,10,,,,,5,5000 MCG 60 CAPSULAS,,,,,2,
,025077214860,PURITANS PRIDE. ABC PLUS SENIOR MULTI (MULTIVITAMINICO),Vitaminas,,3,6,,,,,5,30 TABLETAS,,,,,2,
,074312129704,PURITANS PRIDE. GARLIC OIL,Vitaminas,,4,8,,,,,5,1000 MG 100 SOFTGELS,,,,,2,
,025077531530,PURITANS PRIDE. 5-HTP,Vitaminas,,5,10,,,,,5,50 MG 60 CAPSULAS,,,,,1,
,074312153150,PURITANS PRIDE. 5-HTP,Vitaminas,,7.5,15,,,,,5,100 MG 60 CAPSULAS,,,,,2,
,025077361991,PURITANS PRIDE. 5-HTP,Vitaminas,,11,22,,,,,5,200 MG 60 CAPSULAS,,,,,2,
,074312149047,PURITANS PRIDE. LUTEIN,Vitaminas,,8.5,17,,,,,5,20 MG 120 SOFTGELS,,,,,2,
,074312134814,PURITANS PRIDE. LUTEIN,Vitaminas,,6,12,,,,,5,6 MG 100 SOFTGELS,,,,,2,
,074312126130,Probiotic Acidophilus Pruritans Pride 250Tabs,Vitaminas,,7.5,15,,,,,5,0,,,,,1,
,074312130700,PURITANS PRIDE.VITAMINA K ,Vitaminas,,4.5,9,,,,,5,"100MG, 100 CAPSULAS",,,,,2,
,025077556915,PURITANS PRIDE. HERBA VISION GOLD ,Vitaminas,,6.5,13,,,,,5,60 CAPSULAS ,,,,,1,
,074312125805,Zinc Para El Acne Puritans Pride 100 Tabs,Vitaminas,,5,10,,,,,5,0,,,,,2,
,025077156054,PURITANS PRIDE. VITAMINA D3,Vitaminas,,2.5,5,,,,,5,25 MCG 1000IU 100 SOFTGELS,,,,,1,
,025077358724,"Vitamina D3 Puritans Pride 250Mcg (10,000Iu)",Vitaminas,,5,10,,,,,5,0,,,,,1,
,074312179037,Melatonina Puritans Pride 3Mg 120 Tabs,Vitaminas,,5,10,,,,,5,0,,,,,2,
,025077530984,PURITANS PRIDE. MELATONINA,Vitaminas,,5,10,,,,,5,5MG 60 CAPSULAS ,,,,,2,
,074312112201,Beta-Caroteno(Pro Vitamina A) Puritans Pride 7500Mcg (25.000Iu) 100 Caps,Vitaminas,,5,10,,,,,5,0,,,,,1,
,074312163517,PURITANS PRIDE. YOHIMBE,Vitaminas,,6,12,,,,,5,"AFRODISIACO Y POTENTE SEXUAL PARA LA MUJER , 50 CAPSULAS ",,,,,1,
,025077326778,Arándano Fruta Concentrada Puritans Pride 4200Mg 180 Caps Blandas,Vitaminas,,9,18,,,,,5,0,,,,,2,
,766443119326,PURITANS PRIDE. GINSENG COMPLEX ,Vitaminas,,5.5,11,,,,,5,"ENERGIZANTE , 75 CAPSULAS ",,,,,1,
,025077118717,Extracto De Ginseng Coreano Puritans Pride 100Mg 60 Caps Blandas,Vitaminas,,5.5,11,,,,,5,"ENERGIZANTE , 60 CAPSULAS (PUDE TOMARLO LOS HIPERTENSOS)",,,,,1,
,817716010588,Diente De Leon Best Naturals 520Mg 250Caps,Vitaminas,,14,28,,,,,5,0,,,,,1,
,817716015187,BEST NATURAL. CALCIUM CITRATO,Vitaminas,,11,22,,,,,5,0,,,,,1,
,817716010380,BEST NATURAL. COQ10 ,Vitaminas,,20,40,,,,,5,200MG 120 CAP,,,,,1,
,817716012919,5-Htp (5 Hydroxytryptophan) Best Naturals 50Mg,Vitaminas,,10,20,,,,,5,0,,,,,2,
,817716015125,Acido Alfa Lipoico 600Mg Best Naturals 60Caps,Vitaminas,,14,28,,,,,5,0,,,,,2,
,733739012838,NOW. MAGNESIO CAP,Vitaminas,,17.5,35,,,,,5,TRIPLE MAGNESIO. 400 MG 180 CAP,,,,,2,
,x0036f6lz5,NOW.  GABA,Vitaminas,,10,20,,,,,5,"NEUROTRANSMISOR , SISTEMA NERVIOSO CENTRAL. 500 MG 100 CAP",,,,,2,
,733739046208,NOW. CASCARA SAGRADA ,Vitaminas,,7.5,15,,,,,5,450 MG 100 CAPSULAS ,,,,,2,
,733739032553,NOW. MELATONINA ,Vitaminas,,4.5,9,,,,,5,"3MG , 60 CAPSULAS ",,,,,1,
,X0032DMSP3,HORBAACH. ALPHA ACIDO LIPOICO CON OPTIMIZADOR DE BIOTIN,Vitaminas,,20,40,,,,,5,600 MG 240 CAPSULAS,,,,,1,
,x00219n4en,HORBAACH. DHEA,Vitaminas,,20,40,,,,,5,100 MG 200 CAPSULAS,,,,,1,
,031604031121,NATURE MADE. MAGNESIO,Vitaminas,,10,20,,,,,5,400 MG 110 CAPSULAS BLANDAS,,,,,1,
,030768301736,Magnesio Sundown 500Mg 180 Tabs,Vitaminas,,11,22,,,,,5,0,,,,,3,
,074312530869,NATURE BOUNTY. MAGNESIO ,Vitaminas,,12.5,25,,,,,5,500MG 200 CAPSULAS ,,,,,1,
,074312008368,NATURE BOUNTY. ZINC ,Vitaminas,,11,22,,,,,5,400 CAPSULAS 50 MG ,,,,,1,
,074312020605,Zinc Natures Bounty 50Mg 100 Caps,Vitaminas,,6,12,,,,,5,0,,,,,3,
,074312056338,Echinacea Natures Bounty 400Mg 100 Caps,Vitaminas,,7.5,15,,,,,5,0,,,,,3,
,074312015106,Vitamina C Natures Bounty 500Mg 100 Tabs,Vitaminas,,5,10,,,,,5,0,,,,,3,
,074312079030,NATURE BOUNT.  MELATOTINA,Vitaminas,,8,16,,,,,5,3MG 240 CAPSULAS ,,,,,3,
,8901138500696,Herbolax Himalaya 100Tabs,Vitaminas,,5,10,,,,,5,0,,,,,2,
,8901138501334,HIMALAYA. RUMALAY,Vitaminas,,5,10,,,,,5,0,,,,,3,
,8901138500788,Septilin Himalaya 60Tabs,Vitaminas,,5,10,,,,,5,0,,,,,3,
,8901138500689,HIMALAYA. GERIFORTE ,Vitaminas,,5,10,,,,,5,0,,,,,4,
,8901138816230,HIMALAYA. DIABECON DS,Vitaminas,,5,10,,,,,5,0,,,,,4,
,8901138500610,Diabecon 60 Tabs,Vitaminas,,5,10,,,,,5,0,,,,,4,
,8901138110611,Liv.52 Himalaya 100Tabs,Vitaminas,,5,10,,,,,5,0,,,,,2,
,8901138500603,HIMALAYA.CONFIDO ,Vitaminas,,5,10,,,,,5,0,,,,,3,
,8901138500672,Gasex Himalaya 100 Tabs,Vitaminas,,5,10,,,,,5,0,,,,,4,
,8901138500634,Diarex Himalaya 30Tabs,Vitaminas,,5,10,,,,,5,0,,,,,2,
,8901138500665,HIMALAYA.EVECARE,Vitaminas,,5,10,,,,,5,0,,,,,4,
,8901138817817,Bresol Himalaya 60Tabs,Vitaminas,,5,10,,,,,5,0,,,,,4,
,8901138503994,Cystone Himalaya 60Tabs,Vitaminas,,5,10,,,,,5,0,,,,,3,
,8901138500757,Pilex Himalaya 60Tabs,Vitaminas,,5,10,,,,,5,0,,,,,4,
,8901138500818,HIMALAYA.SPEMAN,Vitaminas,,5,10,,,,,5,0,,,,,4,
,8901138848286,HIMALAYA. ABANA,Vitaminas,,5,10,,,,,5,0,,,,,4,
,8901138834265,HIMALAYA.BRAHMI,Vitaminas,,5,10,,,,,5,MEMORIA Y AGILIDAD MENTAL,,,,,2,
,8901138834388,HIMALAYA. YASHTIMADHU,Vitaminas,,5,10,,,,,5,ACIDEZ ESTOMACAL,,,,,2,
,8901138834357,HIMALAYA.SHIGRU ,Vitaminas,,5,10,,,,,5,"ANTIFLAMATORIO, DOLORES ARTICULARES",,,,,1,
,8901138834272,HIMALAYA. TRIPHALA,Vitaminas,,5,10,,,,,5,"ESTREÑIMIENTO, SISTEMA DIGESTIVO",,,,,1,
,8901138140885,HIMALAYA.OPHTHA CARE,Vitaminas,,3,6,,,,,5,GOTAS PARA LOS OJOS,,,,,2,
,8901138210618,Tentex Forte Himalaya 100Tabs,Vitaminas,,3,6,,,,,5,1 BLISTER POR 6$,,,,,10,
,8901138505561,HIMALAYA. TENTEX ROYAL ,Vitaminas,,4,8,,,,,5,10 CAPSULAS,,,,,2,
,8901138509941,HIMALAYA. RUMALAYA EN CREMA ,Vitaminas,,6,12,,,,,5,0,,,,,4,
,8901138220617,HIMALAYA. V-GEL,Vitaminas,,7.5,15,,,,,5,0,,,,,2,
,8901138506513,HIMALAYA. MENOSAN,Vitaminas,,12.5,25,,,,,5,0,,,,,2,
,8901138819453,HIMALAYA. BLEMINOR,Vitaminas,,6,12,,,,,5,0,,,,,2,
,8901138507381,HIMALAYA. HIMPLASIA,Vitaminas,,5,10,,,,,5,0,,,,,3,
,7597816000124,FISIONATURALS. GINKGO BILOBA,Vitaminas,,4,8,,,,,5,500 MG 60 CAPSULAS ,,,,,2,
,7591774000479,FISIONATURALS. ARTI PLUS,Vitaminas,,4,8,,,,,5,60 CAPSULAS ,,,,,2,
,7597816000445,FISIONATURALS. PLACEREX,Vitaminas,,3.5,7,,,,,5,30 CAPSULAS,,,,,2,
,7591774000844,FISIONATURALS. MAPURITE ANAMU,Vitaminas,,4,8,,,,,5,500 MG 60 CAPSULAS ,,,,,2,
,7591774000523,FISIONATURALS. HIGALIMP,Vitaminas,,4,8,,,,,5,60 CAPSULAS ,,,,,2,
,7597816000094,FISIONATURALS. FITO ESTROGENOS,Vitaminas,,4.5,9,,,,,5,60 CAPSULAS ,,,,,2,
,,FISIONATURALS. CHANCA PIEDRA,Vitaminas,,4,8,,,,,5,60 CAPSULAS ,,,,,2,
,7597816000179,FISIONATURALS. PROSTA NATURALS,Vitaminas,,4,8,,,,,5,60 CAPSULAS ,,,,,2,
,,FISIONATURALS. OMEGA 3,Vitaminas,,5,10,,,,,5,1000 MG 30 CAPSULAS,,,,,2,
,7597816000186,FISIONATURALS. RECONSTRUCOL,Vitaminas,,4,8,,,,,5,60 CAPSULAS ,,,,,2,
,7597816000193,FISIONATURALS. ADELMAX,Vitaminas,,4,8,,,,,5,60 CAPSULAS ,,,,,2,
,7591774000882,FISIONATURALS. QUINCHONCHO,Vitaminas,,4,8,,,,,5,500 MG 60 CAPSULAS ,,,,,2,
,7196655397196,CHANCA PIEDRA STONE BRAKER,Vitaminas,,3.5,7,,,,,5,1000 MG 60 CAPSULAS,,,,,1,
,7592321039782,COLOSTRUM,Vitaminas,,4.5,9,,,,,5,500 MG 50 CAPSULAS,,,,,2,
,074312126130,Probiotic Acidophilus Pruritans Pride 250Tabs,Vitaminas,,7.5,15,,,,,5,0,,,,,1,
,817716015125,Acido Alfa Lipoico 600Mg Best Naturals 60Caps,Vitaminas,,14,28,,,,,5,0,,,,,2,
,817716012193,BEST NATURAL. 5-HTP,Vitaminas,,10,20,,,,,5,100 MG 120 CAPSULAS,,,,,1,
,817716012919,5-Htp (5 Hydroxytryptophan) Best Naturals 50Mg,Vitaminas,,10,20,,,,,5,0,,,,,1,
,817716010380,BEST NATURAL. COQ10 ,Vitaminas,,20,40,,,,,5,200 MG 120 CAPSULAS,,,,,1,
,817716015187,BEST NATURAL. CALCIUM CITRATE,Vitaminas,,11,22,,,,,5,120 TABLETAS,,,,,1,
,817716010588,Diente De Leon Best Naturals 520Mg 250Caps,Vitaminas,,14,28,,,,,5,0,,,,,1,
,025077128808,L-Theanine Puritans Pride 200Mg 60 Caps Rapida Liberacion,Vitaminas,,7.5,15,,,,,5,0,,,,,1,
,025077118717,Extracto De Ginseng Coreano Puritans Pride 100Mg 60 Caps Blandas,Vitaminas,,5.5,11,,,,,5,0,,,,,1,
,074312179037,Melatonina Puritans Pride 3Mg 120 Tabs,Vitaminas,,5,10,,,,,5,0,,,,,2,
,025077358724,"Vitamina D3 Puritans Pride 250Mcg (10,000Iu)",Vitaminas,,5,10,,,,,5,0,,,,,1,
,7593533002823,Arterosis Vihom Solucion 30Ml,Vitaminas,,2.5,5,,,,,5,0,,,,,1,
,7593533003271,HEPYGAST 30ML,Vitaminas,,2.5,5,,,,,5,0,,,,,1,
,7593533002984,Desintox Vihom Solucion 30Ml,Vitaminas,,2.5,5,,,,,5,0,,,,,1,
,7593533003080,Estrex Vihom Solucion 30Ml,Vitaminas,,2.5,5,,,,,5,0,,,,,1,
,7593533003721,Triglicol Vihom Solucion 30Ml,Vitaminas,,2.5,5,,,,,5,0,,,,,1,
,7593533002960,Credefor Vihom Solucion 30Ml,Vitaminas,,2.5,5,,,,,5,0,,,,,1,
,7593533002991,Diabet Vihom Solucion 30Ml,Vitaminas,,2.5,5,,,,,5,0,,,,,1,
,7593533002434,Magnesio(Mg) Oligovihom Solución 30Ml,Vitaminas,,3,6,,,,,5,0,,,,,1,
,7593533002427,Litio(Li) Oligovihom Solución 30Ml,Vitaminas,,3,6,,,,,5,0,,,,,1,
,7593533003981,DIGEVIHOM ,Vitaminas,,3,6,,,,,5,0,,,,,1,
,7593533003943,Alervihom Pediatrico Solucion 30Ml,Vitaminas,,3,6,,,,,5,0,,,,,1,
,7593533004063,Estreñimiento Pediatrico Vihom Solucion 30Ml,Vitaminas,,3,6,,,,,5,0,,,,,1,
,7593533004018,Insovihom Pediatrico Solucion 30Ml,Vitaminas,,3,6,,,,,5,0,,,,,1,
,7707816985561,VITAFER ,Vitaminas,,0.5,1,,,,,5,0,,,,,10,
,676194970834,ALFA. COLAGENO C HYDROLIZADO (EN SOBRE),Vitaminas,,0.5,1,,,,,5,0,,,,,30,
,7705369542545,MEGASEX,Vitaminas,,4,8,,,,,5,0,,,,,2,
,7707369905207,POWERS X,Vitaminas,,1.5,3,,,,,5,0,,,,,2,
,857077008206,NUTRICOST. BCAA,Vitaminas,,22.5,45,,,,,5,360 G ,,,,,1,
,810390029075,CELLUCOR. BCAA,Vitaminas,,19,38,,,,,5,330 G,,,,,1,
,631656715811,MUSCLETECH. AMINO BUILD (AMINOACIDOS),Vitaminas,,15,30,,,,,5,523 G,,,,,1,
,631656705737,MUSCLETECH. CREATINA PLATINIUM,Vitaminas,,22.5,45,,,,,5,400 G,,,,,2,
,853237000745,NUTREX. CREATINA DRIVE,Vitaminas,,14,28,,,,,5,300 G,,,,,1,
,851770009690,PROTEINA ORGANICA (LATE DE CALABAZA Y ESPECIES),Vitaminas,,32,64,,,,,5,1.2 KG,,,,,1,
,851770007566,PROTEINA ORGANICA ,Vitaminas,,32,64,,,,,5,1.2 KG,,,,,1,
,631656710472,MUSCLETECH. NITROTECH SABOR A VAINILLA,Vitaminas,,22.5,45,,,,,5,0,,,,,1,
,631656716733,SIXSTAR. WHEY PROTEIN (SABOR A FRESA),Vitaminas,,20,40,,,,,5,816 G,,,,,1,
,660726503201,MUSCLE MILK. WHEY PROTEIN,Vitaminas,,25,50,,,,,5,1.12 KG,,,,,1,
,631656716979,MUSCETECH. MASS TECH EXTREME 2000 (VAINILLA BOLSA),Vitaminas,,32.5,65,,,,,5,2.72 KG,,,,,1,
,631656713824,MUSCLETECH. 100% MASS GAINER (VAINILLA),Vitaminas,,25,50,,,,,5,2.33 KG,,,,,1,
,631656716917,MUSCLETECH. MASS TECH ELITE (TORTA DE VAINILLA),Vitaminas,,32.5,65,,,,,5,2.72 KG,,,,,1,
,b0015r6zpq,SERIOUS MASS (VAINILLA),Vitaminas,,45,90,,,,,5,2.72 KG,,,,,1,
,891597004058,CARNIVOR MASS (PROTEINA DE CARNE),Vitaminas,,37.5,75,,,,,5,2.6 KG,,,,,1,
,074312004698,Proteina De Suero Aislado Super Avanzada Chocolate Body Fortress 680G,Vitaminas,,22.5,45,,,,,5,0,,,,,1,
,840266324591,BODY FORTRESS. WHEY PROTEIN (FRESA),Vitaminas,,22.5,45,,,,,5,810 G,,,,,1,
,749826579481,Pure Protein 100% Suero Vainilla 793G,Vitaminas,,19,38,,,,,5,0,,,,,1,
,039442031334,WHEY PROTEIN ISOLATADA (FRESA),Vitaminas,,27.5,55,,,,,5,907 G,,,,,1,
,631656703184,"Cell Tech Fruit Punch Muscletech 1,36Kg",Vitaminas,,20,40,,,,,5,0,,,,,1,
,733739020406,NOW. PROTEINA DE HUEVO,Vitaminas,,16,32,,,,,5,544 G,,,,,1,
,733739021564,NOW. PROTEINA ISOLATADA,Vitaminas,,17.5,35,,,,,5,544 G,,,,,1,
,079911023170,TOTAL SOY. PROTEINA PARA BAJAR DE PESO (CHOCOLATE),Vitaminas,,10,20,,,,,5,540 G,,,,,1,
,817716015927,BEST NATURAL. LEVADURA DE CERVEZA,Vitaminas,,12.5,25,,,,,5,454 G,,,,,1,
,733739024206,Levadura De Cerveza Now 454G,Vitaminas,,12.5,25,,,,,5,0,,,,,1,
,7594002590551,PHARMAPLANT. CIR-Q-PLANT,Vitaminas,,4,8,,,,,5,60 CAPSULAS 300 MG,,,,,2,
,096619197194,KIRKLAND. NAPROXENO,Vitaminas,,9,18,,,,,5,220 MG 400 CAP,,,,,1,
,681131235204,Acetaminofen Equate 500Mg 100Tabs,Vitaminas,,2.5,5,,,,,5,0,,,,,2,
,017714001018,ASPIRINA,Vitaminas,,3,6,,,,,5,325 MG 100 CAPSULAS,,,,,2,
,7596687713300,PIOJILL ,Vitaminas,,3,6,,,,,5,0,,,,,1,
,9780201379624,REGENERADOR PULMONAR,Vitaminas,,7.5,15,,,,,5,0,,,,,2,
,7594001450894,CITRATO DE POTASIO,Vitaminas,,4,8,,,,,5,0,,,,,2,
,7591742000906,LA INTEGRAL. MIEL EUCALIPAL,Vitaminas,,3,6,,,,,5,230 G,,,,,2,
,7591938040471,LIPTOHERBA  ,Vitaminas,,2.5,5,,,,,5,0,,,,,2,
,7592710004810,WALIFE. EXPECTOS (EXPECTORANTE Y ANTIASMATICO),Vitaminas,,3,6,,,,,5,240 ML,,,,,2,
,7592710001277,WALIFE. BEUSAN (EXPECTORANTE),Vitaminas,,4,8,,,,,5,240 ML,,,,,2,
,7592710001260,WALIFE. BEUSAN (CEBOLLA MORADA),Vitaminas,,4,8,,,,,5,240 ML,,,,,2,
,7592710001253,WALIFE. BEUSAN PLUS,Vitaminas,,4,8,,,,,5,240 ML,,,,,2,
,7593533006647,VIHOM. CREMA EMBELLECEDORA DE PIERNAS CANSADAS,Vitaminas,,3,6,,,,,5,200 G,,,,,2,
,085317009113,CAREALL. CHEST RUB (VAPORUP),Vitaminas,,2,4,,,,,5,113G,,,,,3,
,7592430000260,Crema para Masaje Con Extractos Vegetales(Uña de Gato - Arnica) Victoria 250g,Vitaminas,,5,10,,,,,5,0,,,,,2,
,7593533006647,VIHOM PIERNAS CANSADAS ,Vitaminas,,3,6,,,,,5,0,,,,,2,
,7595351000081,GEL PARA MASAJES REVITAL ,Vitaminas,,2.5,5,,,,,5,CON ACEITE DE EUCALIPTO,,,,,2,
,7593434000164,GEL DE ARNICA ROLLON ,Vitaminas,,1.5,3,,,,,5,0,,,,,1,
,859581006549,Crema Intensiva Dove 75ml,Vitaminas,,1.5,3,,,,,5,0,,,,,3,
,087524200147,PROTECTOR SOLAR 30 SPF,Vitaminas,,2.5,5,,,,,5,PIEL SECA,,,,,2,
,041348007771,ACEITE DE DE COCO CORPORAL,Vitaminas,,2.5,5,,,,,5,0,,,,,2,
,041348001830,CREMA DE COCO CORPORAL,Vitaminas,,2,4,,,,,5,0,,,,,2,
,834576005653,Loción Hidratante Alivio de la Dermatitis con Manzanilla Dermasil 178ml,Vitaminas,,1.5,3,,,,,5,0,,,,,2,
,834576005899,Loción Hipoalergenica Piel Seca y Piel Grasa Dermasil 236ml,Vitaminas,,1.5,3,,,,,5,0,,,,,2,
,834576005875,Loción para el Cuerpo Hidratante de Crema de Coco Dermasil 236ml,Vitaminas,,1.5,3,,,,,5,0,,,,,2,
,681131108812,LIMPIADOR Y TONICO FACIAL  EN SERUM,Vitaminas,,5,10,,,,,5,0,,,,,2,
,381370032892,Limpiador de Acne Clean and Clear uso Diario 142g,Vitaminas,,4.5,9,,,,,5,0,,,,,1,
,072151452229,Clay Mask Purifying Aguacate y Avena Freeman 175ml,Vitaminas,,4,8,,,,,5,0,,,,,2,
,681131305938,TONICO LIBRE DE ALCOHOL ,Vitaminas,,4,8,,,,,5,0,,,,,2,
,070501116906,TONICO ASTRINGENTE  PARA ACNE,Vitaminas,,4.5,9,,,,,5,0,,,,,2,
,859581006556,PONDS CREMA ANTI MANCHAS ,Vitaminas,,2,4,,,,,5,0,,,,,2,
,x002vggaal,ACEITE DE ROSA ,Vitaminas,,10,20,,,,,5,0,,,,,1,
,041348007764,ACEITE DE VITAMINA E ,Vitaminas,,2.5,5,,,,,5,0,,,,,2,
,814655036631,MASCARILLA DE ACIDO HIALURONICO,Vitaminas,,1.5,3,,,,,5,0,,,,,2,
,834576005653,Loción Hidratante Alivio de la Dermatitis con Manzanilla Dermasil 178ml,Vitaminas,,1.5,3,,,,,5,0,,,,,2,
,037000593591,DESODORANTE SECRET ,Vitaminas,,2,4,,,,,5,0,,,,,2,
,022200962995,DESODORANTE LADY SPEED STICK DAMA,Vitaminas,,2,4,,,,,5,0,,,,,3,
,022200940214,SPEED STICK. DESODORANTE CABALLERO,Vitaminas,,2,4,,,,,5,0,,,,,3,
,6974171630004,PASTILLERO,Vitaminas,,2,4,,,,,5,0,,,,,2,
,7591938011389,DIGHERBAL ELIXIR,Vitaminas,,2,4,,,,,5,180 ML,,,,,2,
,7591938011358,RABANO YODADO JARABE,Vitaminas,,2.5,5,,,,,5,180 ML,,,,,2,
,7597445017616,PARASITOL PLUS,Vitaminas,,3,6,,,,,5,0,,,,,2,
,096619381555,BLUE AGAVE,Vitaminas,,5,10,,,,,5,0,,,,,2,
,7597536000015,MIEL DE ABEJAS,Vitaminas,,3.5,7,,,,,5,600 G,,,,,2,
,7597536000022,MIEL DE ABEJAS,Vitaminas,,2.5,5,,,,,5,360 G ,,,,,1,
,818581016408,SAL ROSADA,Vitaminas,,2.5,5,,,,,5,454 G,,,,,3,
,7593434002793,LIFESYSTEM. PROTEINA DE SOYA (CHOCOLATE),Vitaminas,,7,14,,,,,5,0,,,,,2,
,7593434002786,LIFESYSTEM. PROTEINA DE SOYA (VAINILLA),Vitaminas,,7,14,,,,,5,0,,,,,2,
,7596453758696,13 PLANTAS,Vitaminas,,2.5,5,,,,,5,0,,,,,3,
,821890335443,TABLET CUTTER,Vitaminas,,1.50,3,,,,,5,0,,,,,1,
,814655020104,TOALLAS DE COLAGENO,Vitaminas,,1.50,3,,,,,5,25 TOALLAS,,,,,1,
,814655020098,Toallitas Humedas Retinol 30 Toallitas,Vitaminas,,1.50,3,,,,,5,0,,,,,1,
,814655020616,TOALLAS DE MANTECA DE CACAO,Vitaminas,,1.5,3,,,,,5,25 TOALLAS,,,,,1,
,815921016449,TOALLAS CON VITAMINA C,Vitaminas,,2.5,5,,,,,5,30 TOALLAS,,,,,1,
,821890335474,PASTILLERO,Vitaminas,,1.5,3,,,,,5,0,,,,,2,
,639277754806,DISCOS DE ALGODÓN,Vitaminas,,2,4,,,,,5,80 DISCOS,,,,,2,
,859581006532,Creama Nutritiva para el Cuidado del Cuerpo Dove 75ml,Vitaminas,,1.5,3,,,,,5,0,,,,,1,
,025077193776,Vitamina D3 Puritans Pride 125Mcg (5000 Iu),Vitaminas,,5,10,,,,,5,0,,,,,3,
,025077176212,Vitamina D3 Puritans Pride 50Mcg 2.000Ui 100 Caps Blandas,Vitaminas,,3,6,,,,,5,0,,,,,3,
,025077330126,Dhea Puritans Pride 100Mg 60 Caps,Vitaminas,,8,16,,,,,5,0,,,,,4,
,074312134210,PURITANS PRIDE. DHEA ,Vitaminas,,6,12,,,,,5,25 MG 100 TABLETAS,,,,,2,
,074312150319,Dhea Puritans Pride 50Mg 50 Tabs,Vitaminas,,5,10,,,,,5,0,,,,,3,
,074312128431,PURITANS PRIDE. FOLATE,Vitaminas,,5,10,,,,,5,800 MCG 250 TABLETAS,,,,,2,
,025077501267,PURITANS PRIDE. MELATONINA,Vitaminas,,6.5,13,,,,,5,5 MG 120 TABLETAS,,,,,2,
,025077000784,PURITANS PRIDE. MELATONINA,Vitaminas,,8,16,,,,,5,10 MG 90 CAPSULAS,,,,,2,
,074312111334,PURITANS PRIDE. ENCIMA DE PAPAYA,Vitaminas,,5,10,,,,,5,250 TABLETAS,,,,,2,
,025077120314,PURITANS PRIDE. PAPAYA,Vitaminas,,3,6,,,,,5,100 TABLETAS,,,,,2,
,087614112510,SWANSON. VIT C,Vitaminas,,2,4,,,,,5,1000 MG 30 CAPSULAS,,,,,3,
,740985274521,"21 CENTURY. HEALTHY EYES, OCUVITE CON LUTEINA",Vitaminas,,6,12,,,,,5,60 TABLETAS,,,,,2,
,087614018539,SWANSON. L-GLUTATHIONE,Vitaminas,,7.5,15,,,,,5,100 MG 100 CAPSULAS,,,,,2,
,087614023052,SWANSON. MELATONINA,Vitaminas,,4.5,9,,,,,5,10 MG 60 CAPSULAS,,,,,3,
,087614210827,SWANSON. CITRATO DE MAGNESIO,Vitaminas,,11,22,,,,,5,240 TABLETAS,,,,,2,
,087674012737,DL-PHENYLALANINA,Vitaminas,,10,20,,,,,5,500 MG 100 CAPSULAS ,,,,,2,
,087614040363,SWANSON. VINAGRE DE MANZANA,Vitaminas,,5,10,,,,,5,200 MG 120 CAPSULAS,,,,,3,
,087614019093,SWANSON. SAW PALMETTO,Vitaminas,,6,12,,,,,5,540 MG 100 CAPSULAS,,,,,3,
,b09jr7313f,SUPERSELF. DHEA,Vitaminas,,6,12,,,,,5,60 CAPSULAS,,,,,3,
,047469005979,NATROL. DHEA,Vitaminas,,8,16,,,,,5,25 MG 90 TABLETAS,,,,,1,
,733739004758,NOW. INOSITOL,Vitaminas,,8,16,,,,,5,500 MG 100 CAPSULAS ,,,,,1,
,733739000965,NOW. GLUTATHIONE,Vitaminas,,14,28,,,,,5,250 MG 60 CAPSULAS ,,,,,2,
,x001wtmq6p,HORBAACH. LONGJACK,Vitaminas,,9,18,,,,,5,1600 MG 120 CAPSULAS,,,,,3,
,x003txxw47,BIO SCHWARTZ. GLICINATO DE MAGNESIO,Vitaminas,,12.5,25,,,,,5,120 CAPSULAS,,,,,1,
,025077514908,Probiotic Acidophilus Puritans Pride 60Caps,Vitaminas,,7.5,15,,,,,5,0,,,,,2,
,x003daayxn,PIPINGROCK. CITRATO DE POTASIO,Vitaminas,,17.5,35,,,,,5,275 MG 400 CAPSULAS,,,,,1,
,x003krrvx5,PIPINGROCK. CLORURO DE MAGNESIO,Vitaminas,,8,16,,,,,5,520 MG 100 TABLETAS,,,,,2,
,078742157931,ACEITE DE COCO ORGANICO,Vitaminas,,7,14,,,,,5,414 ML,,,,,3,
,733739016508,NOW. OMEGA 3,Vitaminas,,7.5,15,,,,,5,1000 MG 100 SOFTGELS,,,,,3,
,025077001316,Probiotic Acidophilus With Lactis Puritans Pride 100Caps Rápida Liberación,Vitaminas,,6.5,13,,,,,5,0,,,,,2,
,305731284324,CENTRUM MULTI OMEGA 3 (GOMITAS),Vitaminas,,8.5,17,,,,,5,110 GOMITAS,,,,,1,
,681131362221,EQUATE. STOMACH RELIEF,Vitaminas,,5,10,,,,,5,525 MG,,,,,2,
,741273014515,RESCUE PASTILLAS (NARANJA),Vitaminas,,7.5,15,,,,,5,35 PASTILLAS,,,,,1,
,741273015727,RESCUE PASTILLAS (PARCHITA),Vitaminas,,7.5,15,,,,,5,35 CAPSULAS,,,,,1,
,741273014577,RESCUE PASTILLAS (UVA),Vitaminas,,7.5,15,,,,,5,35 CAPSULAS,,,,,1,
,037600110754,Mantequilla de Mani Skippy 462g,Vitaminas,,3,6,,,,,5,0,,,,,3,
,078742369990,MANTEQUILLA DE MANI ,Vitaminas,,3,6,,,,,5,0,,,,,3,
,x0027j6wgj,HORBAACH. CITRATO DE POTASIO,Vitaminas,,17.5,35,,,,,5,275 MG 400 CAPSULAS,,,,,1,
,741273403166,"RESCUE PLUS (GABA, SAFRON, VIT D. SABOR NARANJA)",Vitaminas,,13.5,27,,,,,5,60 GOMITAS,,,,,1,
,741273015789,RESCUE PLUS (MELATONINA SABOR FRESA),Vitaminas,,13.5,27,,,,,5,60 GOMITAS,,,,,1,
,781308001288,TE DE BAILARINA,Vitaminas,,6,12,,,,,5,0,,,,,3,
,892241000686,TE VERDE BIOLOGICO,Vitaminas,,7.5,15,,,,,5,0,,,,,2,
,7591938000130,ARCILLA EXTRAFINA,Vitaminas,,2,4,,,,,5,0,,,,,2,
,7591938000222,CREMA DE ARCILLA ROJA,Vitaminas,,3,6,,,,,5,0,,,,,1,
,7591938040679,CREMA DE ARCILLA BLANCA,Vitaminas,,3,6,,,,,5,0,,,,,1,
,x003sraidh,GRIMED. ULTRA TESTO,Vitaminas,,11,22,,,,,5,55.100 MG 90 CAPSULAS,,,,,1,
,631656603361,MUSCLETECH. HYDROXYCUT HARDCORE ELITE,Vitaminas,,15,30,,,,,5,100 CAPSULAS,,,,,1,
,631656604481,MUSCLETECH. 100% OMEGA 3,Vitaminas,,7,14,,,,,5,100 SOFTGELS,,,,,2,
,631656610178,MUSCLETECH. MULTIVITAMINICO,Vitaminas,,9,18,,,,,5,90 TABLETAS,,,,,2,
,810390029174,C4 SPORT PRE-WORKOUT (PATILLA),Vitaminas,,17.5,35,,,,,5,30 SERVICIOS,,,,,1,
,631656609394,MUSCLETECH. 100% CAFEINA,Vitaminas,,6,12,,,,,5,220 MG ,,,,,2,
,665553229836,ALLMAX ESSENTIALS. CREATINA ,Vitaminas,,14,28,,,,,5,3000 MG 120 CAPSULAS,,,,,2,
,631656705706,MUSCLETECH. 100% GLUTAMINA,Vitaminas,,17.5,35,,,,,5,5 G,,,,,2,
,631656708172,MUSCLETECH. CELL TECH CREACTOR (CREATINA),Vitaminas,,15,30,,,,,5,0,,,,,1,
,631656710922,MUSCLETECH. PRE-WORKOUT VAPOR X5 (FRAMBUESA AZUL),Vitaminas,,15,30,,,,,5,0,,,,,0,
,883309532874,CREATINA MICRONIZADA EN POLVO,Vitaminas,,15,30,,,,,5,72 SERVICIOS,,,,,2,
,7707399018052,NATURAL MEDIX. FIBRA AGUAJE,Vitaminas,,5,10,,,,,5,450 G,,,,,1,
,7707399018052,NATURAL MEDIX. CHAPA PANZA,Vitaminas,,5,10,,,,,5,450 G,,,,,1,
,%584%,MAX COLON. BATIDO VERDE,Vitaminas,,6,12,,,,,5,450 G,,,,,1,
,7707267303037,MAX COLON,Vitaminas,,5,10,,,,,5,LIMPIEZA DE COLON ,,,,,2,
,854650003719,CUBEA AYOA ELIXIR,Vitaminas,,4,8,,,,,5,240 ML,,,,,2,
,7595984000021,FENIXON PLUS. REACTIVADOR DE LA MEDULAN OSEA,Vitaminas,,6.5,13,,,,,5,360 ML,,,,,2,
,732953032158,SHEFFIELD. ARTHRITIS ,Vitaminas,,2,4,,,,,5,43 G,,,,,2,
,838891030659,ANESTHETIC. HEMORROIDES,Vitaminas,,2,4,,,,,5,0,,,,,1,
,838891030598,HYDROCORTISONE CREMA,Vitaminas,,2,4,,,,,5,0,,,,,1,
,838891030550,VITAMINA A Y D CREMA,Vitaminas,,2,4,,,,,5,0,,,,,2,
,7593533007231,VIHOM. CLORURO DE MAGNESIO,Vitaminas,,2,4,,,,,5,700 ML,,,,,3,
,7591672001547,FIBRACOMPUESTA,Vitaminas,,1.75,3.5,,,,,5,200 G,,,,,2,
,7591672001561,CARVESOY,Vitaminas,,1.5,3,,,,,5,160 G,,,,,3,
,7591277000020,PASTA INTEGRAL (ZANAHORIA),Vitaminas,,2,4,,,,,5,500 G,,,,,1,
,7591277000013,PASTA INTEGRAL (ESPINACA),Vitaminas,,2,4,,,,,5,500 G,,,,,1,
,7591277000075,PASTA INTEGRAL (NATURAL),Vitaminas,,2,4,,,,,5,500 G,,,,,1,
,7594812637897,MANA AJONJOLI NATURAL,Vitaminas,,3,6,,,,,5,250 G,,,,,1,
,7591742001965,AJONJOLI CRUDO,Vitaminas,,2,4,,,,,5,300 G,,,,,2,
,7591672000052,AFRECHO DE TRIGO,Vitaminas,,1.5,3,,,,,5,400 G,,,,,4,
,7594812638887,MANA CEBADA,Vitaminas,,2,4,,,,,5,250 G,,,,,2,
,7591672000090,TRIGO PARTIDO,Vitaminas,,2.5,5,,,,,5,500 G,,,,,1,
,7594812638122,AJONJOLI BLANCO,Vitaminas,,3,6,,,,,5,250 G,,,,,1,
,7594812637422,LINAZA,Vitaminas,,2,4,,,,,5,250 G,,,,,2,
,7591360000043,MAIZKEL,Vitaminas,,2,4,,,,,5,1 KG,,,,,2,
,7591672001899,HARINA DE MAIZ,Vitaminas,,2,4,,,,,5,800 G,,,,,1,
,7594001452089,AZUFRE,Vitaminas,,0.5,1,,,,,5,0,,,,,3,
,7594005620590,BORAX EN POLVO,Vitaminas,,0.5,1,,,,,5,0,,,,,4,
,096619605774,KIRKLAND. MANI,Vitaminas,,0.75,1.5,,,,,5,0,,,,,1,
,096619605798,KIRKLAND. MEREI,Vitaminas,,0.75,1.5,,,,,5,0,,,,,2,
